title,flood,introduction,price
岳麓1号嘉园 5室1厅 南 北,岳麓1号嘉园-河西步步高,5室1厅 | 227.2平米 | 南 北 | 其他 | 中楼层(共7层) | 2010年 | 板楼,"295万12,985元/平"
岳麓1号嘉园 5室1厅 南 北,岳麓1号嘉园-河西步步高,5室1厅 | 227.2平米 | 南 北 | 其他 | 中楼层(共7层) | 2010年 | 板楼,"295万12,985元/平"
密度小绿化好 上学方便 配套齐全 交通方便,岳麓1号嘉园-河西步步高,3室2厅 | 146.68平米 | 东南 | 精装 | 中楼层(共20层) | 2010年 | 板楼,"180万12,272元/平"
密度小绿化好 上学方便 配套齐全 交通方便,岳麓1号嘉园-河西步步高,3室2厅 | 146.68平米 | 东南 | 精装 | 中楼层(共20层) | 2010年 | 板楼,"180万12,272元/平"
房子住家装修 四房 诚心卖 咸嘉博才,岳麓1号嘉园-河西步步高,4室1厅 | 147平米 | 南 | 其他 | 低楼层(共20层) | 2010年 | 板塔结合,"184万12,518元/平"
房子住家装修 四房 诚心卖 咸嘉博才,岳麓1号嘉园-河西步步高,4室1厅 | 147平米 | 南 | 其他 | 低楼层(共20层) | 2010年 | 板塔结合,"184万12,518元/平"
市政府旁 岳麓一号  洋房 精装大四房,岳麓1号嘉园-河西步步高,4室2厅 | 182.54平米 | 南 | 其他 | 中楼层(共9层) | 2010年 | 板塔结合,"218万11,943元/平"
市政府旁 岳麓一号  洋房 精装大四房,岳麓1号嘉园-河西步步高,4室2厅 | 182.54平米 | 南 | 其他 | 中楼层(共9层) | 2010年 | 板塔结合,"218万11,943元/平"
7层的电梯洋房 一梯两户 纯板楼 视野好,岳麓1号嘉园-河西步步高,5室2厅 | 227.2平米 | 南 | 简装 | 高楼层(共7层) | 2010年 | 板楼,"260万11,444元/平"
7层的电梯洋房 一梯两户 纯板楼 视野好,岳麓1号嘉园-河西步步高,5室2厅 | 227.2平米 | 南 | 简装 | 高楼层(共7层) | 2010年 | 板楼,"260万11,444元/平"
大平层 地铁6号线 博才咸嘉 中间楼层,岳麓1号嘉园-河西步步高,4室2厅 | 189.05平米 | 南 | 其他 | 中楼层(共20层) | 2010年 | 板楼,"237万12,537元/平"
大平层 地铁6号线 博才咸嘉 中间楼层,岳麓1号嘉园-河西步步高,4室2厅 | 189.05平米 | 南 | 其他 | 中楼层(共20层) | 2010年 | 板楼,"237万12,537元/平"
岳麓一号“电梯洋房”宽敞大四居一梯两户，改善型住房,岳麓1号嘉园-河西步步高,4室2厅 | 186.7平米 | 南 | 简装 | 高楼层(共9层) | 2010年 | 板塔结合,"220万11,784元/平"
岳麓一号“电梯洋房”宽敞大四居一梯两户，改善型住房,岳麓1号嘉园-河西步步高,4室2厅 | 186.7平米 | 南 | 简装 | 高楼层(共9层) | 2010年 | 板塔结合,"220万11,784元/平"
岳麓一号嘉园四室二厅，新装修，大金空调带地暖。,岳麓1号嘉园-河西步步高,4室2厅 | 189.05平米 | 西南 | 精装 | 中楼层(共20层) | 2010年 | 板楼,"289万15,287元/平"
岳麓一号嘉园四室二厅，新装修，大金空调带地暖。,岳麓1号嘉园-河西步步高,4室2厅 | 189.05平米 | 西南 | 精装 | 中楼层(共20层) | 2010年 | 板楼,"289万15,287元/平"
烈士公园 满五唯一 3居室 加45平面积 有电梯,刘家冲1号-烈士公园,3室2厅 | 85.66平米 | 南 北 | 简装 | 中楼层(共7层) | 2002年 | 板楼,"75万8,756元/平"
烈士公园 满五唯一 3居室 加45平面积 有电梯,刘家冲1号-烈士公园,3室2厅 | 85.66平米 | 南 北 | 简装 | 中楼层(共7层) | 2002年 | 板楼,"75万8,756元/平"
伍家岭 东风路 开福公安分局宿舍 3楼 3室2厅 诚心出售,刘家冲1号-烈士公园,3室2厅 | 85.31平米 | 南 北 | 简装 | 中楼层(共7层) | 2002年 | 板楼,"65.8万7,714元/平"
伍家岭 东风路 开福公安分局宿舍 3楼 3室2厅 诚心出售,刘家冲1号-烈士公园,3室2厅 | 85.31平米 | 南 北 | 简装 | 中楼层(共7层) | 2002年 | 板楼,"65.8万7,714元/平"
精装修小三房 低楼层 户型周正 近地铁首付9万搞定,阿弥岭1片-桂花村,3室1厅 | 55.13平米 | 南 | 精装 | 中楼层(共6层)  | 板楼,"48.8万8,852元/平"
精装修小三房 低楼层 户型周正 近地铁首付9万搞定,阿弥岭1片-桂花村,3室1厅 | 55.13平米 | 南 | 精装 | 中楼层(共6层)  | 板楼,"48.8万8,852元/平"
湘域芯城1期 4室2厅 南 北,湘域芯城1期-汽车东站,4室2厅 | 209.75平米 | 南 北 | 其他 | 中楼层(共32层) | 2021年 | 板楼,"200万9,536元/平"
湘域芯城1期 4室2厅 南 北,湘域芯城1期-汽车东站,4室2厅 | 209.75平米 | 南 北 | 其他 | 中楼层(共32层) | 2021年 | 板楼,"200万9,536元/平"
阿弥岭铁路单位房 精装修带家具电器 总价低诚心出售,阿弥岭1片-桂花村,2室1厅 | 53.77平米 | 南 北 | 其他 | 高楼层(共5层) | 1995年 | 板楼,"39.8万7,402元/平"
阿弥岭铁路单位房 精装修带家具电器 总价低诚心出售,阿弥岭1片-桂花村,2室1厅 | 53.77平米 | 南 北 | 其他 | 高楼层(共5层) | 1995年 | 板楼,"39.8万7,402元/平"
车站南路 阿弥岭 3号地铁600米 品字户型 采光好,阿弥岭1片-桂花村,2室1厅 | 59.59平米 | 南 | 简装 | 中楼层(共8层) | 1998年 | 板楼,"32万5,371元/平"
车站南路 阿弥岭 3号地铁600米 品字户型 采光好,阿弥岭1片-桂花村,2室1厅 | 59.59平米 | 南 | 简装 | 中楼层(共8层) | 1998年 | 板楼,"32万5,371元/平"
御文台1期，自住精装修两房，楼层好视野好,鑫远御文台1期-新开铺,2室2厅 | 80.84平米 | 南 | 精装 | 低楼层(共29层) | 2014年 | 板塔结合,"85万10,515元/平"
御文台1期，自住精装修两房，楼层好视野好,鑫远御文台1期-新开铺,2室2厅 | 80.84平米 | 南 | 精装 | 低楼层(共29层) | 2014年 | 板塔结合,"85万10,515元/平"
拎包入住，地铁口 2022年新房,湘域芯城1期-汽车东站,3室2厅 | 119.59平米 | 南 | 精装 | 低楼层(共32层) | 2021年 | 板塔结合,"131.8万11,021元/平"
拎包入住，地铁口 2022年新房,湘域芯城1期-汽车东站,3室2厅 | 119.59平米 | 南 | 精装 | 低楼层(共32层) | 2021年 | 板塔结合,"131.8万11,021元/平"
118.8万湘域芯城四房，出门即地铁。,湘域芯城1期-汽车东站,4室2厅 | 140.79平米 | 南 北 | 毛坯 | 低楼层(共31层) | 2021年 | 板塔结合,"118.8万8,439元/平"
118.8万湘域芯城四房，出门即地铁。,湘域芯城1期-汽车东站,4室2厅 | 140.79平米 | 南 北 | 毛坯 | 低楼层(共31层) | 2021年 | 板塔结合,"118.8万8,439元/平"
网签已满四年，价格可谈，急售！,湘域芯城1期-汽车东站,3室2厅 | 119.53平米 | 南 | 毛坯 | 中楼层(共32层) | 2021年 | 板楼,"105万8,785元/平"
网签已满四年，价格可谈，急售！,湘域芯城1期-汽车东站,3室2厅 | 119.53平米 | 南 | 毛坯 | 中楼层(共32层) | 2021年 | 板楼,"105万8,785元/平"
网签已满四年，价格可谈，急售！,湘域芯城1期-汽车东站,3室2厅 | 131.56平米 | 南 北 | 毛坯 | 高楼层(共32层) | 2021年 | 板楼,"113.8万8,651元/平"
网签已满四年，价格可谈，急售！,湘域芯城1期-汽车东站,3室2厅 | 131.56平米 | 南 北 | 毛坯 | 高楼层(共32层) | 2021年 | 板楼,"113.8万8,651元/平"
次新小区，楼下就是地铁口，维一住房,湘域芯城1期-汽车东站,3室2厅 | 121.78平米 | 西南 | 毛坯 | 高楼层(共31层) | 2021年 | 板楼,"125万10,265元/平"
次新小区，楼下就是地铁口，维一住房,湘域芯城1期-汽车东站,3室2厅 | 121.78平米 | 西南 | 毛坯 | 高楼层(共31层) | 2021年 | 板楼,"125万10,265元/平"
湘域芯城小区纯毛坯小区环境优美,湘域芯城1期-汽车东站,4室2厅 | 143.81平米 | 南 | 其他 | 中楼层(共32层) | 2021年 | 板塔结合,"120万8,345元/平"
湘域芯城小区纯毛坯小区环境优美,湘域芯城1期-汽车东站,4室2厅 | 143.81平米 | 南 | 其他 | 中楼层(共32层) | 2021年 | 板塔结合,"120万8,345元/平"
出门即地铁6号线，高品质次新小区！,湘域芯城1期-汽车东站,3室2厅 | 121.78平米 | 西南 | 毛坯 | 中楼层(共31层) | 2021年 | 板楼,"112万9,197元/平"
出门即地铁6号线，高品质次新小区！,湘域芯城1期-汽车东站,3室2厅 | 121.78平米 | 西南 | 毛坯 | 中楼层(共31层) | 2021年 | 板楼,"112万9,197元/平"
正地铁口南北通透中楼层大四房。,湘域芯城1期-汽车东站,4室2厅 | 143.9平米 | 南 北 | 毛坯 | 中楼层(共31层) | 2021年 | 板塔结合,"140万9,729元/平"
正地铁口南北通透中楼层大四房。,湘域芯城1期-汽车东站,4室2厅 | 143.9平米 | 南 北 | 毛坯 | 中楼层(共31层) | 2021年 | 板塔结合,"140万9,729元/平"
地铁口 2022年新房 品质高 绿化优,湘域芯城1期-汽车东站,3室2厅 | 118.59平米 | 南 | 毛坯 | 高楼层(共32层) | 2021年 | 板塔结合,"106万8,939元/平"
地铁口 2022年新房 品质高 绿化优,湘域芯城1期-汽车东站,3室2厅 | 118.59平米 | 南 | 毛坯 | 高楼层(共32层) | 2021年 | 板塔结合,"106万8,939元/平"
地铁口 2022年新房 品质高 绿化优,湘域芯城1期-汽车东站,3室2厅 | 112.92平米 | 南 | 毛坯 | 高楼层(共32层) | 2021年 | 板楼,"101万8,945元/平"
地铁口 2022年新房 品质高 绿化优,湘域芯城1期-汽车东站,3室2厅 | 112.92平米 | 南 | 毛坯 | 高楼层(共32层) | 2021年 | 板楼,"101万8,945元/平"
出门即地铁6号线，高品质次新小区！,湘域芯城1期-汽车东站,3室2厅 | 131.63平米 | 南 北 | 毛坯 | 高楼层(共32层) | 2021年 | 板塔结合,"114.8万8,722元/平"
出门即地铁6号线，高品质次新小区！,湘域芯城1期-汽车东站,3室2厅 | 131.63平米 | 南 北 | 毛坯 | 高楼层(共32层) | 2021年 | 板塔结合,"114.8万8,722元/平"
正地铁口，次新品质小区，毛坯大三房,湘域芯城1期-汽车东站,3室2厅 | 121.81平米 | 南 北 | 毛坯 | 低楼层(共31层) | 2021年 | 暂无数据,"121万9,934元/平"
正地铁口，次新品质小区，毛坯大三房,湘域芯城1期-汽车东站,3室2厅 | 121.81平米 | 南 北 | 毛坯 | 低楼层(共31层) | 2021年 | 暂无数据,"121万9,934元/平"
正地铁口  三室两厅两卫  毛坯 次新小区,湘域芯城1期-汽车东站,3室2厅 | 118.59平米 | 南 | 毛坯 | 低楼层(共31层) | 2021年 | 板塔结合,"108万9,108元/平"
正地铁口  三室两厅两卫  毛坯 次新小区,湘域芯城1期-汽车东站,3室2厅 | 118.59平米 | 南 | 毛坯 | 低楼层(共31层) | 2021年 | 板塔结合,"108万9,108元/平"
高品质次新小区，业主诚心出售，出门即地铁。,湘域芯城1期-汽车东站,4室1厅 | 141.58平米 | 南 北 | 毛坯 | 中楼层(共31层) | 2021年 | 板塔结合,"123.6万8,731元/平"
高品质次新小区，业主诚心出售，出门即地铁。,湘域芯城1期-汽车东站,4室1厅 | 141.58平米 | 南 北 | 毛坯 | 中楼层(共31层) | 2021年 | 板塔结合,"123.6万8,731元/平"
高品质次新小区，业主诚心出售，出门即地铁。,湘域芯城1期-汽车东站,4室2厅 | 164.95平米 | 南 北 | 毛坯 | 低楼层(共32层) | 2021年 | 板楼,"145万8,791元/平"
高品质次新小区，业主诚心出售，出门即地铁。,湘域芯城1期-汽车东站,4室2厅 | 164.95平米 | 南 北 | 毛坯 | 低楼层(共32层) | 2021年 | 板楼,"145万8,791元/平"
小区环境好。。。。。。。。。。。。,贡院2期-德思勤,2室1厅 | 92.78平米 | 南 | 简装 | 中楼层(共16层) | 2013年 | 板塔结合,"78.8万8,494元/平"
小区环境好。。。。。。。。。。。。,贡院2期-德思勤,2室1厅 | 92.78平米 | 南 | 简装 | 中楼层(共16层) | 2013年 | 板塔结合,"78.8万8,494元/平"
贡院2期 2室2厅 南 北,贡院2期-德思勤,2室2厅 | 92平米 | 南 北 | 其他 | 中楼层(共16层) | 2013年 | 板楼,"101.8万11,066元/平"
贡院2期 2室2厅 南 北,贡院2期-德思勤,2室2厅 | 92平米 | 南 北 | 其他 | 中楼层(共16层) | 2013年 | 板楼,"101.8万11,066元/平"
贡院精装2房，中间楼层，价格美丽，边户采光好,贡院2期-德思勤,2室2厅 | 93.23平米 | 南 | 精装 | 中楼层(共16层) | 2013年 | 板塔结合,"105万11,263元/平"
贡院精装2房，中间楼层，价格美丽，边户采光好,贡院2期-德思勤,2室2厅 | 93.23平米 | 南 | 精装 | 中楼层(共16层) | 2013年 | 板塔结合,"105万11,263元/平"
省府德思勤，业主自住一房，诚心出售,贡院2期-德思勤,1室1厅 | 48.9平米 | 南 | 精装 | 低楼层(共15层) | 2013年 | 塔楼,"41万8,385元/平"
省府德思勤，业主自住一房，诚心出售,贡院2期-德思勤,1室1厅 | 48.9平米 | 南 | 精装 | 低楼层(共15层) | 2013年 | 塔楼,"41万8,385元/平"
少有好房出售，正规一房一厅带燃气，贡院二期,贡院2期-德思勤,1室1厅 | 50.08平米 | 南 | 精装 | 中楼层(共15层) | 2013年 | 塔楼,"35.5万7,089元/平"
少有好房出售，正规一房一厅带燃气，贡院二期,贡院2期-德思勤,1室1厅 | 50.08平米 | 南 | 精装 | 中楼层(共15层) | 2013年 | 塔楼,"35.5万7,089元/平"
德思勤边上带燃气的一室一厅，装修不错,贡院2期-德思勤,1室1厅 | 56.7平米 | 南 | 精装 | 高楼层(共15层) | 2013年 | 塔楼,"45万7,937元/平"
德思勤边上带燃气的一室一厅，装修不错,贡院2期-德思勤,1室1厅 | 56.7平米 | 南 | 精装 | 高楼层(共15层) | 2013年 | 塔楼,"45万7,937元/平"
精装修 正规两房 小高层 环境好,贡院2期-德思勤,2室2厅 | 90.42平米 | 南 | 其他 | 低楼层(共15层) | 2013年 | 板塔结合,"88万9,733元/平"
精装修 正规两房 小高层 环境好,贡院2期-德思勤,2室2厅 | 90.42平米 | 南 | 其他 | 低楼层(共15层) | 2013年 | 板塔结合,"88万9,733元/平"
奥组委授权开发商 带天然气户型周正小户型,贡院2期-德思勤,2室1厅 | 54.1平米 | 南 | 精装 | 高楼层(共15层) | 2013年 | 塔楼,"52万9,612元/平"
奥组委授权开发商 带天然气户型周正小户型,贡院2期-德思勤,2室1厅 | 54.1平米 | 南 | 精装 | 高楼层(共15层) | 2013年 | 塔楼,"52万9,612元/平"
省府旁，交通便利，采光好，业主诚心出售,贡院2期-德思勤,2室2厅 | 87.69平米 | 南 | 简装 | 中楼层(共17层) | 2013年 | 板楼,"90.8万10,355元/平"
省府旁，交通便利，采光好，业主诚心出售,贡院2期-德思勤,2室2厅 | 87.69平米 | 南 | 简装 | 中楼层(共17层) | 2013年 | 板楼,"90.8万10,355元/平"
满五唯一，业主诚心出售。提前预约可以看。,贡院2期-德思勤,2室1厅 | 93.23平米 | 南 | 简装 | 高楼层(共16层) | 2013年 | 板塔结合,"85万9,118元/平"
满五唯一，业主诚心出售。提前预约可以看。,贡院2期-德思勤,2室1厅 | 93.23平米 | 南 | 简装 | 高楼层(共16层) | 2013年 | 板塔结合,"85万9,118元/平"
贡院二期中间楼栋满五唯一南北通透三房两厅,贡院2期-德思勤,3室2厅 | 117.7平米 | 南 北 | 其他 | 中楼层(共17层) | 2013年 | 板塔结合,"113万9,601元/平"
贡院二期中间楼栋满五唯一南北通透三房两厅,贡院2期-德思勤,3室2厅 | 117.7平米 | 南 北 | 其他 | 中楼层(共17层) | 2013年 | 板塔结合,"113万9,601元/平"
德思勤商圈 自住精装 中间楼层  诚心出售 随时看房,贡院2期-德思勤,3室2厅 | 112.06平米 | 南 | 其他 | 中楼层(共17层) | 2013年 | 板塔结合,"128.8万11,494元/平"
德思勤商圈 自住精装 中间楼层  诚心出售 随时看房,贡院2期-德思勤,3室2厅 | 112.06平米 | 南 | 其他 | 中楼层(共17层) | 2013年 | 板塔结合,"128.8万11,494元/平"
满五唯一省个税南北双阳台砂子塘湘天有钥匙看房方便,贡院2期-德思勤,3室1厅 | 112.06平米 | 南 北 | 简装 | 中楼层(共17层) | 2013年 | 板塔结合,"106万9,460元/平"
满五唯一省个税南北双阳台砂子塘湘天有钥匙看房方便,贡院2期-德思勤,3室1厅 | 112.06平米 | 南 北 | 简装 | 中楼层(共17层) | 2013年 | 板塔结合,"106万9,460元/平"
南北通透 双阳台 环境好 业主诚心出售 看房方便,贡院2期-德思勤,3室2厅 | 111.59平米 | 南 北 | 毛坯 | 高楼层(共15层) | 2013年 | 板塔结合,"98万8,783元/平"
南北通透 双阳台 环境好 业主诚心出售 看房方便,贡院2期-德思勤,3室2厅 | 111.59平米 | 南 北 | 毛坯 | 高楼层(共15层) | 2013年 | 板塔结合,"98万8,783元/平"
德思勤商圈 带燃气精装修一居室带阳台  砂子塘,贡院2期-德思勤,1室1厅 | 48.9平米 | 东 | 精装 | 低楼层(共15层) | 2013年 | 塔楼,"38.8万7,935元/平"
德思勤商圈 带燃气精装修一居室带阳台  砂子塘,贡院2期-德思勤,1室1厅 | 48.9平米 | 东 | 精装 | 低楼层(共15层) | 2013年 | 塔楼,"38.8万7,935元/平"
精装修 带天然气 正规一室一厅 小区环境好,贡院2期-德思勤,1室1厅 | 57.17平米 | 北 | 其他 | 高楼层(共15层) | 2013年 | 塔楼,"43万7,522元/平"
精装修 带天然气 正规一室一厅 小区环境好,贡院2期-德思勤,1室1厅 | 57.17平米 | 北 | 其他 | 高楼层(共15层) | 2013年 | 塔楼,"43万7,522元/平"
免个税德思勤商圈 奥林匹克贡院 砂子塘雪笑 价格可谈,贡院2期-德思勤,2室1厅 | 93.04平米 | 南 北 | 其他 | 高楼层(共16层) | 2013年 | 板楼,"76万8,169元/平"
免个税德思勤商圈 奥林匹克贡院 砂子塘雪笑 价格可谈,贡院2期-德思勤,2室1厅 | 93.04平米 | 南 北 | 其他 | 高楼层(共16层) | 2013年 | 板楼,"76万8,169元/平"
贡院2期 1室1厅 南,贡院2期-德思勤,1室1厅 | 54.1平米 | 南 | 其他 | 中楼层(共15层) | 2013年 | 塔楼,"45万8,318元/平"
贡院2期 1室1厅 南,贡院2期-德思勤,1室1厅 | 54.1平米 | 南 | 其他 | 中楼层(共15层) | 2013年 | 塔楼,"45万8,318元/平"
阿弥岭三房户型好采光足随时看房,阿弥岭2片-桂花村,3室2厅 | 79.98平米 | 东南 | 其他 | 高楼层(共6层) | 1979年 | 板楼,"52万6,502元/平"
阿弥岭三房户型好采光足随时看房,阿弥岭2片-桂花村,3室2厅 | 79.98平米 | 东南 | 其他 | 高楼层(共6层) | 1979年 | 板楼,"52万6,502元/平"
左家塘3号线地铁 满五唯一  业主急售,阿弥岭2片-桂花村,2室1厅 | 54.48平米 | 南 北 | 简装 | 中楼层(共5层) | 1979年 | 板楼,"38.8万7,122元/平"
左家塘3号线地铁 满五唯一  业主急售,阿弥岭2片-桂花村,2室1厅 | 54.48平米 | 南 北 | 简装 | 中楼层(共5层) | 1979年 | 板楼,"38.8万7,122元/平"
左家塘 阿弥岭 业主诚心出售 价格可谈,阿弥岭2片-桂花村,2室1厅 | 55.71平米 | 南 北 | 简装 | 中楼层(共7层) | 1979年 | 板楼,"38万6,822元/平"
左家塘 阿弥岭 业主诚心出售 价格可谈,阿弥岭2片-桂花村,2室1厅 | 55.71平米 | 南 北 | 简装 | 中楼层(共7层) | 1979年 | 板楼,"38万6,822元/平"
阳光嘉园2期 3室2厅 南,阳光嘉园2期-湘府路,3室2厅 | 132.71平米 | 南 | 精装 | 中楼层(共13层)  | 板楼,"159万11,982元/平"
阳光嘉园2期 3室2厅 南,阳光嘉园2期-湘府路,3室2厅 | 132.71平米 | 南 | 精装 | 中楼层(共13层)  | 板楼,"159万11,982元/平"
"房东诚心出售，小三房，采光好,随时可看",便河边2号-烈士公园,3室2厅 | 79.69平米 | 南 | 简装 | 高楼层(共8层)  | 暂无数据,"52万6,526元/平"
"房东诚心出售，小三房，采光好,随时可看",便河边2号-烈士公园,3室2厅 | 79.69平米 | 南 | 简装 | 高楼层(共8层)  | 暂无数据,"52万6,526元/平"
单位房，公摊小得房率高，适合刚需客户，jia建20平，,阿弥岭2片-桂花村,4室1厅 | 55.24平米 | 南 北 | 其他 | 高楼层(共6层) | 1979年 | 板楼,"38万6,880元/平"
单位房，公摊小得房率高，适合刚需客户，jia建20平，,阿弥岭2片-桂花村,4室1厅 | 55.24平米 | 南 北 | 其他 | 高楼层(共6层) | 1979年 | 板楼,"38万6,880元/平"
总价低 通透性好 交通便利 配套设施齐全 优质好房,阿弥岭2片-桂花村,1室1厅 | 43.26平米 | 南 | 其他 | 高楼层(共6层)  | 板楼,"23.8万5,502元/平"
总价低 通透性好 交通便利 配套设施齐全 优质好房,阿弥岭2片-桂花村,1室1厅 | 43.26平米 | 南 | 其他 | 高楼层(共6层)  | 板楼,"23.8万5,502元/平"
泰禹家园2期 3室2厅 南,泰禹家园2期-万家丽南路,3室2厅 | 121.19平米 | 南 | 精装 | 中楼层(共17层) | 2005年 | 板楼,"105万8,665元/平"
泰禹家园2期 3室2厅 南,泰禹家园2期-万家丽南路,3室2厅 | 121.19平米 | 南 | 精装 | 中楼层(共17层) | 2005年 | 板楼,"105万8,665元/平"
国金 五一广场 居家好房 带小区燃气,铂宫2中山庭-松桂园,3室2厅 | 109.94平米 | 东北 南 | 其他 | 低楼层(共34层)  | 板塔结合,"158万14,372元/平"
国金 五一广场 居家好房 带小区燃气,铂宫2中山庭-松桂园,3室2厅 | 109.94平米 | 东北 南 | 其他 | 低楼层(共34层)  | 板塔结合,"158万14,372元/平"
五一广场，铂宫中山亭，精装3房，诚心出售。,铂宫2中山庭-松桂园,3室2厅 | 103.5平米 | 南 | 其他 | 中楼层(共34层)  | 板塔结合,"175万16,909元/平"
五一广场，铂宫中山亭，精装3房，诚心出售。,铂宫2中山庭-松桂园,3室2厅 | 103.5平米 | 南 | 其他 | 中楼层(共34层)  | 板塔结合,"175万16,909元/平"
五一 万达 乐和城 金满地 精装正规一房诚心出售,铂宫2中山庭-松桂园,1室1厅 | 49.93平米 | 北 | 其他 | 低楼层(共34层)  | 板塔结合,"75万15,022元/平"
五一 万达 乐和城 金满地 精装正规一房诚心出售,铂宫2中山庭-松桂园,1室1厅 | 49.93平米 | 北 | 其他 | 低楼层(共34层)  | 板塔结合,"75万15,022元/平"
五一广场 满五唯一 2022年全新装修 朝南 户型周正,铂宫2中山庭-松桂园,2室1厅 | 72.88平米 | 南 | 精装 | 高楼层(共34层)  | 板塔结合,"135.5万18,593元/平"
五一广场 满五唯一 2022年全新装修 朝南 户型周正,铂宫2中山庭-松桂园,2室1厅 | 72.88平米 | 南 | 精装 | 高楼层(共34层)  | 板塔结合,"135.5万18,593元/平"
汽车南站旁 次新小区 周正精装两房 随时看房！,湘天贡院3期-德思勤,2室2厅 | 74.34平米 | 南 | 其他 | 低楼层(共18层)  | 板楼,"65万8,744元/平"
汽车南站旁 次新小区 周正精装两房 随时看房！,湘天贡院3期-德思勤,2室2厅 | 74.34平米 | 南 | 其他 | 低楼层(共18层)  | 板楼,"65万8,744元/平"
金茂湾3期 3室2厅 南,金茂湾3期-梅溪湖南岸,3室2厅 | 125.04平米 | 南 | 精装 | 低楼层(共43层)  | 板楼,"198万15,835元/平"
金茂湾3期 3室2厅 南,金茂湾3期-梅溪湖南岸,3室2厅 | 125.04平米 | 南 | 精装 | 低楼层(共43层)  | 板楼,"198万15,835元/平"
金茂湾3期一线湖景大平层，楼层好，诚心卖,金茂湾3期-梅溪湖南岸,4室1厅 | 208平米 | 南 北 | 精装 | 高楼层(共47层)  | 板塔结合,"527.5万25,361元/平"
金茂湾3期一线湖景大平层，楼层好，诚心卖,金茂湾3期-梅溪湖南岸,4室1厅 | 208平米 | 南 北 | 精装 | 高楼层(共47层)  | 板塔结合,"527.5万25,361元/平"
金茂湾3期 精装大三房 入住仅半年 价格可谈,金茂湾3期-梅溪湖南岸,3室2厅 | 125.58平米 | 南 | 精装 | 高楼层(共42层)  | 板楼,"190万15,130元/平"
金茂湾3期 精装大三房 入住仅半年 价格可谈,金茂湾3期-梅溪湖南岸,3室2厅 | 125.58平米 | 南 | 精装 | 高楼层(共42层)  | 板楼,"190万15,130元/平"
湘雅附二 流程桥 复兴街 陈家巷3号 电梯三房带二个卫,陈家巷3号-浏城桥,3室2厅 | 110.07平米 | 南 北 | 其他 | 中楼层(共8层)  | 板楼,"105万9,540元/平"
湘雅附二 流程桥 复兴街 陈家巷3号 电梯三房带二个卫,陈家巷3号-浏城桥,3室2厅 | 110.07平米 | 南 北 | 其他 | 中楼层(共8层)  | 板楼,"105万9,540元/平"
金茂品质精装，户型周正，拎包入住,金茂湾3期-梅溪湖南岸,3室2厅 | 125.04平米 | 南 | 精装 | 高楼层(共43层)  | 板楼,"239万19,114元/平"
金茂品质精装，户型周正，拎包入住,金茂湾3期-梅溪湖南岸,3室2厅 | 125.04平米 | 南 | 精装 | 高楼层(共43层)  | 板楼,"239万19,114元/平"
梅溪湖金茂湾三期一线湖景大平层,金茂湾3期-梅溪湖南岸,4室2厅 | 192.4平米 | 东北 | 其他 | 中楼层(共42层) | 2020年 | 板楼,"430万22,350元/平"
梅溪湖金茂湾三期一线湖景大平层,金茂湾3期-梅溪湖南岸,4室2厅 | 192.4平米 | 东北 | 其他 | 中楼层(共42层) | 2020年 | 板楼,"430万22,350元/平"
此房楼层高视野很好北一线正看湖,金茂湾3期-梅溪湖南岸,4室2厅 | 192.4平米 | 南 | 其他 | 高楼层(共42层) | 2021年 | 板楼,"550万28,587元/平"
此房楼层高视野很好北一线正看湖,金茂湾3期-梅溪湖南岸,4室2厅 | 192.4平米 | 南 | 其他 | 高楼层(共42层) | 2021年 | 板楼,"550万28,587元/平"
浏城桥湘雅附二育才X学三室二厅周正环境好安静宜住家,陈家巷3号-浏城桥,3室2厅 | 110.07平米 | 南 | 精装 | 中楼层(共8层)  | 板楼,"114万10,358元/平"
浏城桥湘雅附二育才X学三室二厅周正环境好安静宜住家,陈家巷3号-浏城桥,3室2厅 | 110.07平米 | 南 | 精装 | 中楼层(共8层)  | 板楼,"114万10,358元/平"
一线湖景房 可以直接看湖  带车位出售,金茂湾3期-梅溪湖南岸,4室2厅 | 205.71平米 | 南 | 精装 | 低楼层(共47层)  | 板塔结合,"548万26,640元/平"
一线湖景房 可以直接看湖  带车位出售,金茂湾3期-梅溪湖南岸,4室2厅 | 205.71平米 | 南 | 精装 | 低楼层(共47层)  | 板塔结合,"548万26,640元/平"
精装修，好环境，配套完善，人车分流,金茂湾3期-梅溪湖南岸,3室2厅 | 125平米 | 南 | 精装 | 高楼层(共43层)  | 板楼,"208万16,640元/平"
精装修，好环境，配套完善，人车分流,金茂湾3期-梅溪湖南岸,3室2厅 | 125平米 | 南 | 精装 | 高楼层(共43层)  | 板楼,"208万16,640元/平"
一线湖景大平层，湖景如画，随时可约看,金茂湾3期-梅溪湖南岸,4室2厅 | 192.4平米 | 南 北 | 精装 | 低楼层(共42层) | 2020年 | 板楼,"405万21,050元/平"
一线湖景大平层，湖景如画，随时可约看,金茂湾3期-梅溪湖南岸,4室2厅 | 192.4平米 | 南 北 | 精装 | 低楼层(共42层) | 2020年 | 板楼,"405万21,050元/平"
金茂湾三期 精装三居，近地铁，近湖近公园,金茂湾3期-梅溪湖南岸,3室2厅 | 125.04平米 | 南 | 精装 | 低楼层(共43层) | 2020年 | 板楼,"229万18,315元/平"
金茂湾三期 精装三居，近地铁，近湖近公园,金茂湾3期-梅溪湖南岸,3室2厅 | 125.04平米 | 南 | 精装 | 低楼层(共43层) | 2020年 | 板楼,"229万18,315元/平"
金茂湾三期6栋高楼层精装修三房,金茂湾3期-梅溪湖南岸,3室2厅 | 125.5平米 | 东北 | 其他 | 高楼层(共43层)  | 板楼,"257万20,479元/平"
金茂湾三期6栋高楼层精装修三房,金茂湾3期-梅溪湖南岸,3室2厅 | 125.5平米 | 东北 | 其他 | 高楼层(共43层)  | 板楼,"257万20,479元/平"
此房户型周正 视野开阔 采光充足 湖景美丽,金茂湾3期-梅溪湖南岸,4室2厅 | 205.17平米 | 南 北 | 精装 | 低楼层(共47层)  | 板塔结合,"438万21,349元/平"
此房户型周正 视野开阔 采光充足 湖景美丽,金茂湾3期-梅溪湖南岸,4室2厅 | 205.17平米 | 南 北 | 精装 | 低楼层(共47层)  | 板塔结合,"438万21,349元/平"
五一广场地铁口湘雅一师二旁精装两房楼层好大阳台,巡道街3号-松桂园,2室1厅 | 64.56平米 | 南 | 其他 | 中楼层(共7层)  | 暂无数据,"66万10,224元/平"
五一广场地铁口湘雅一师二旁精装两房楼层好大阳台,巡道街3号-松桂园,2室1厅 | 64.56平米 | 南 | 其他 | 中楼层(共7层)  | 暂无数据,"66万10,224元/平"
梅溪湖西地铁口 周南梅溪湖 金茂湾三期次新房,金茂湾3期-梅溪湖南岸,3室2厅 | 125.04平米 | 南 | 精装 | 低楼层(共43层)  | 板楼,"220万17,595元/平"
梅溪湖西地铁口 周南梅溪湖 金茂湾三期次新房,金茂湾3期-梅溪湖南岸,3室2厅 | 125.04平米 | 南 | 精装 | 低楼层(共43层)  | 板楼,"220万17,595元/平"
湘天贡院3期 3室2厅 南,湘天贡院3期-德思勤,3室2厅 | 107.39平米 | 南 | 其他 | 低楼层(共17层)  | 板楼,"108万10,057元/平"
湘天贡院3期 3室2厅 南,湘天贡院3期-德思勤,3室2厅 | 107.39平米 | 南 | 其他 | 低楼层(共17层)  | 板楼,"108万10,057元/平"
芙蓉广场 浏城桥 三室两厅两卫 满五唯一 带8平杂物间,陈家巷3号-浏城桥,3室2厅 | 110.07平米 | 南 北 | 简装 | 低楼层(共7层)  | 板楼,"85万7,723元/平"
芙蓉广场 浏城桥 三室两厅两卫 满五唯一 带8平杂物间,陈家巷3号-浏城桥,3室2厅 | 110.07平米 | 南 北 | 简装 | 低楼层(共7层)  | 板楼,"85万7,723元/平"
楼层好，视野好，户型周正，格局好，业主诚心出售。,金茂湾3期-梅溪湖南岸,3室2厅 | 125.58平米 | 南 | 精装 | 高楼层(共42层)  | 板楼,"188万14,971元/平"
楼层好，视野好，户型周正，格局好，业主诚心出售。,金茂湾3期-梅溪湖南岸,3室2厅 | 125.58平米 | 南 | 精装 | 高楼层(共42层)  | 板楼,"188万14,971元/平"
梅溪湖金茂湾三期，一线看梅溪湖和城市岛， 四房三卫,金茂湾3期-梅溪湖南岸,4室2厅 | 192.28平米 | 南 北 | 精装 | 低楼层(共43层)  | 板楼,"378万19,659元/平"
梅溪湖金茂湾三期，一线看梅溪湖和城市岛， 四房三卫,金茂湾3期-梅溪湖南岸,4室2厅 | 192.28平米 | 南 北 | 精装 | 低楼层(共43层)  | 板楼,"378万19,659元/平"
业主这套房是自住的装修，家具家电用得都很好,金茂湾3期-梅溪湖南岸,3室2厅 | 125.04平米 | 南 | 其他 | 中楼层(共43层)  | 板楼,"274万21,913元/平"
业主这套房是自住的装修，家具家电用得都很好,金茂湾3期-梅溪湖南岸,3室2厅 | 125.04平米 | 南 | 其他 | 中楼层(共43层)  | 板楼,"274万21,913元/平"
梅溪湖金茂湾三期看湖大平层高层四房三卫视野开阔,金茂湾3期-梅溪湖南岸,4室2厅 | 193.49平米 | 南 | 精装 | 高楼层(共42层)  | 板楼,"500万25,842元/平"
梅溪湖金茂湾三期看湖大平层高层四房三卫视野开阔,金茂湾3期-梅溪湖南岸,4室2厅 | 193.49平米 | 南 | 精装 | 高楼层(共42层)  | 板楼,"500万25,842元/平"
长沙城市模范新区 梅溪湖CBD核芯商务区臻藏湖景大平层,金茂湾3期-梅溪湖南岸,4室2厅 | 192.4平米 | 南 | 精装 | 中楼层(共42层) | 2020年 | 板楼,"440万22,870元/平"
长沙城市模范新区 梅溪湖CBD核芯商务区臻藏湖景大平层,金茂湾3期-梅溪湖南岸,4室2厅 | 192.4平米 | 南 | 精装 | 中楼层(共42层) | 2020年 | 板楼,"440万22,870元/平"
金茂湾三期大平层 精装未入住过 横厅设计 采光通风好,金茂湾3期-梅溪湖南岸,4室2厅 | 207.41平米 | 南 | 精装 | 高楼层(共47层)  | 板塔结合,"418万20,154元/平"
金茂湾三期大平层 精装未入住过 横厅设计 采光通风好,金茂湾3期-梅溪湖南岸,4室2厅 | 207.41平米 | 南 | 精装 | 高楼层(共47层)  | 板塔结合,"418万20,154元/平"
金茂湾三期大平层 精装未入住过 横厅设计 采光通风好,金茂湾3期-梅溪湖南岸,4室2厅 | 192.4平米 | 南 | 其他 | 低楼层(共42层)  | 板楼,"398万20,687元/平"
金茂湾三期大平层 精装未入住过 横厅设计 采光通风好,金茂湾3期-梅溪湖南岸,4室2厅 | 192.4平米 | 南 | 其他 | 低楼层(共42层)  | 板楼,"398万20,687元/平"
金茂湾三期，湖景大平层，中 央空调，地暖，拎包入住,金茂湾3期-梅溪湖南岸,4室2厅 | 193.37平米 | 南 | 精装 | 高楼层(共43层)  | 板楼,"428万22,134元/平"
金茂湾三期，湖景大平层，中 央空调，地暖，拎包入住,金茂湾3期-梅溪湖南岸,4室2厅 | 193.37平米 | 南 | 精装 | 高楼层(共43层)  | 板楼,"428万22,134元/平"
泰禹家园3期 3室2厅 南,泰禹家园3期-万家丽南路,3室2厅 | 139.69平米 | 南 | 简装 | 高楼层(共18层) | 2005年 | 板塔结合,"140万10,023元/平"
泰禹家园3期 3室2厅 南,泰禹家园3期-万家丽南路,3室2厅 | 139.69平米 | 南 | 简装 | 高楼层(共18层) | 2005年 | 板塔结合,"140万10,023元/平"
泰禹家园3期 自住精装保养好 步梯3楼 楼层好 朝南,泰禹家园3期-万家丽南路,3室1厅 | 106.31平米 | 南 北 | 精装 | 中楼层(共6层) | 2005年 | 板塔结合,"90万8,466元/平"
泰禹家园3期 自住精装保养好 步梯3楼 楼层好 朝南,泰禹家园3期-万家丽南路,3室1厅 | 106.31平米 | 南 北 | 精装 | 中楼层(共6层) | 2005年 | 板塔结合,"90万8,466元/平"
湘天贡院3期 1室1厅 南,湘天贡院3期-德思勤,1室1厅 | 48.65平米 | 南 | 简装 | 低楼层(共17层) | 2013年 | 塔楼,"34.8万7,154元/平"
湘天贡院3期 1室1厅 南,湘天贡院3期-德思勤,1室1厅 | 48.65平米 | 南 | 简装 | 低楼层(共17层) | 2013年 | 塔楼,"34.8万7,154元/平"
业主诚心出售 红旗区4片 长塘里 儿童医院,红旗区4片-东塘,2室1厅 | 53.18平米 | 南 | 其他 | 高楼层(共7层)  | 板楼,"38万7,146元/平"
业主诚心出售 红旗区4片 长塘里 儿童医院,红旗区4片-东塘,2室1厅 | 53.18平米 | 南 | 其他 | 高楼层(共7层)  | 板楼,"38万7,146元/平"
省中医南北通透带小区公摊小,赐闲湖4号-松桂园,2室1厅 | 87.46平米 | 南 北 | 精装 | 高楼层(共7层)  | 暂无数据,"63万7,204元/平"
省中医南北通透带小区公摊小,赐闲湖4号-松桂园,2室1厅 | 87.46平米 | 南 北 | 精装 | 高楼层(共7层)  | 暂无数据,"63万7,204元/平"
正规两房带阳台 采光充足 安静居住适宜 单价低,赐闲湖4号-松桂园,2室2厅 | 87.46平米 | 东南 | 简装 | 高楼层(共8层)  | 暂无数据,"52.4万5,992元/平"
正规两房带阳台 采光充足 安静居住适宜 单价低,赐闲湖4号-松桂园,2室2厅 | 87.46平米 | 东南 | 简装 | 高楼层(共8层)  | 暂无数据,"52.4万5,992元/平"
梓园路红旗区正规三房总价低诚心出售,红旗区4片-东塘,3室1厅 | 75.6平米 | 南 北 | 其他 | 高楼层(共7层)  | 板楼,"40万5,292元/平"
梓园路红旗区正规三房总价低诚心出售,红旗区4片-东塘,3室1厅 | 75.6平米 | 南 北 | 其他 | 高楼层(共7层)  | 板楼,"40万5,292元/平"
长塘里，低楼层，低总价三房，诚心卖,红旗区4片-东塘,3室1厅 | 69.18平米 | 南 | 简装 | 低楼层(共7层)  | 板楼,"52万7,517元/平"
长塘里，低楼层，低总价三房，诚心卖,红旗区4片-东塘,3室1厅 | 69.18平米 | 南 | 简装 | 低楼层(共7层)  | 板楼,"52万7,517元/平"
红旗社区两房 总价低 近菜市场 生活方便,红旗区4片-东塘,2室1厅 | 50.13平米 | 南 | 简装 | 高楼层(共7层)  | 板楼,"24.5万4,888元/平"
红旗社区两房 总价低 近菜市场 生活方便,红旗区4片-东塘,2室1厅 | 50.13平米 | 南 | 简装 | 高楼层(共7层)  | 板楼,"24.5万4,888元/平"
广济桥 梓园路 不是顶楼 总价低 诚心出售 随时看房,红旗区4片-东塘,2室1厅 | 53.11平米 | 南 北 | 简装 | 高楼层(共7层)  | 板楼,"27万5,084元/平"
广济桥 梓园路 不是顶楼 总价低 诚心出售 随时看房,红旗区4片-东塘,2室1厅 | 53.11平米 | 南 北 | 简装 | 高楼层(共7层)  | 板楼,"27万5,084元/平"
格局好单位院子免费停车正地铁口电梯房,省煤炭局机关宿舍-市一中,3室1厅 | 80.45平米 | 南 北 | 其他 | 中楼层(共8层)  | 板楼,"72万8,950元/平"
格局好单位院子免费停车正地铁口电梯房,省煤炭局机关宿舍-市一中,3室1厅 | 80.45平米 | 南 北 | 其他 | 中楼层(共8层)  | 板楼,"72万8,950元/平"
南北空气对流楼层好采光充足健身设施齐全安静小区,省煤炭局机关宿舍-市一中,3室1厅 | 81.71平米 | 南 北 | 精装 | 低楼层(共7层)  | 暂无数据,"79.28万9,703元/平"
南北空气对流楼层好采光充足健身设施齐全安静小区,省煤炭局机关宿舍-市一中,3室1厅 | 81.71平米 | 南 北 | 精装 | 低楼层(共7层)  | 暂无数据,"79.28万9,703元/平"
五一路 迎宾路双地铁口煤炭厅单位院子电梯房正规三房,省煤炭局机关宿舍-市一中,3室1厅 | 80.45平米 | 南 北 | 简装 | 高楼层(共8层)  | 板楼,"65万8,080元/平"
五一路 迎宾路双地铁口煤炭厅单位院子电梯房正规三房,省煤炭局机关宿舍-市一中,3室1厅 | 80.45平米 | 南 北 | 简装 | 高楼层(共8层)  | 板楼,"65万8,080元/平"
煤炭厅小区总价低户型南北通透湘一芙蓉迎宾路双地铁口,省煤炭局机关宿舍-市一中,4室1厅 | 101.3平米 | 南 北 | 简装 | 高楼层(共7层)  | 板楼,"70万6,911元/平"
煤炭厅小区总价低户型南北通透湘一芙蓉迎宾路双地铁口,省煤炭局机关宿舍-市一中,4室1厅 | 101.3平米 | 南 北 | 简装 | 高楼层(共7层)  | 板楼,"70万6,911元/平"
上下三层复式 带全明地下室 带100平大花园 小区仅4套,贡院一号-德思勤,5室2厅 | 183.75平米 | 南 北 | 毛坯 | 低楼层(共18层) | 2011年 | 板楼,"360万19,592元/平"
上下三层复式 带全明地下室 带100平大花园 小区仅4套,贡院一号-德思勤,5室2厅 | 183.75平米 | 南 北 | 毛坯 | 低楼层(共18层) | 2011年 | 板楼,"360万19,592元/平"
户型周正    低楼层    装修可以,湘樟园-韶山南路,2室2厅 | 92.72平米 | 南 | 其他 | 中楼层(共7层) | 2001年 | 板楼,"60万6,472元/平"
户型周正    低楼层    装修可以,湘樟园-韶山南路,2室2厅 | 92.72平米 | 南 | 其他 | 中楼层(共7层) | 2001年 | 板楼,"60万6,472元/平"
湘樟园 2室2厅 南,湘樟园-韶山南路,2室2厅 | 88.29平米 | 南 | 精装 | 低楼层(共7层) | 2004年 | 板楼,"55万6,230元/平"
湘樟园 2室2厅 南,湘樟园-韶山南路,2室2厅 | 88.29平米 | 南 | 精装 | 低楼层(共7层) | 2004年 | 板楼,"55万6,230元/平"
房东诚心出手 价格可谈 随时来看,湘樟园-韶山南路,2室2厅 | 88.33平米 | 南 | 简装 | 高楼层(共7层) | 2004年 | 板楼,"46万5,208元/平"
房东诚心出手 价格可谈 随时来看,湘樟园-韶山南路,2室2厅 | 88.33平米 | 南 | 简装 | 高楼层(共7层) | 2004年 | 板楼,"46万5,208元/平"
全新精装修，钥匙在手，随时可看,湘樟园-韶山南路,3室1厅 | 99.04平米 | 南 | 精装 | 高楼层(共7层) | 2001年 | 板楼,"58万5,857元/平"
全新精装修，钥匙在手，随时可看,湘樟园-韶山南路,3室1厅 | 99.04平米 | 南 | 精装 | 高楼层(共7层) | 2001年 | 板楼,"58万5,857元/平"
房东自住精装修，诚心出售价格可谈,湘樟园-韶山南路,2室1厅 | 78.02平米 | 南 | 精装 | 高楼层(共7层) | 2004年 | 板塔结合,"43.8万5,614元/平"
房东自住精装修，诚心出售价格可谈,湘樟园-韶山南路,2室1厅 | 78.02平米 | 南 | 精装 | 高楼层(共7层) | 2004年 | 板塔结合,"43.8万5,614元/平"
香樟路，民政学院旁，周正大两房,湘樟园-韶山南路,2室2厅 | 88.29平米 | 南 北 | 精装 | 低楼层(共7层) | 2002年 | 板楼,"52.8万5,981元/平"
香樟路，民政学院旁，周正大两房,湘樟园-韶山南路,2室2厅 | 88.29平米 | 南 北 | 精装 | 低楼层(共7层) | 2002年 | 板楼,"52.8万5,981元/平"
精装三楼，三房两厅两卫，户型周正，拎包入住,湘樟园-韶山南路,3室2厅 | 117.08平米 | 南 | 精装 | 中楼层(共8层) | 2001年 | 板楼,"71.8万6,133元/平"
精装三楼，三房两厅两卫，户型周正，拎包入住,湘樟园-韶山南路,3室2厅 | 117.08平米 | 南 | 精装 | 中楼层(共8层) | 2001年 | 板楼,"71.8万6,133元/平"
民政旁，周正大两房，南北通透，诚意出售,湘樟园-韶山南路,2室2厅 | 89.83平米 | 南 北 | 简装 | 中楼层(共8层) | 2004年 | 板楼,"61万6,791元/平"
民政旁，周正大两房，南北通透，诚意出售,湘樟园-韶山南路,2室2厅 | 89.83平米 | 南 北 | 简装 | 中楼层(共8层) | 2004年 | 板楼,"61万6,791元/平"
精装修2室，单价格，刚需选择，户型好,湘樟园-韶山南路,2室1厅 | 88.33平米 | 南 北 | 精装 | 中楼层(共7层) | 2004年 | 板楼,"48万5,435元/平"
精装修2室，单价格，刚需选择，户型好,湘樟园-韶山南路,2室1厅 | 88.33平米 | 南 北 | 精装 | 中楼层(共7层) | 2004年 | 板楼,"48万5,435元/平"
地段好人流多，装修好，户型正，业主诚心出售,湘樟园-韶山南路,3室1厅 | 108.71平米 | 南 北 | 其他 | 中楼层(共7层) | 2004年 | 板楼,"68.8万6,329元/平"
地段好人流多，装修好，户型正，业主诚心出售,湘樟园-韶山南路,3室1厅 | 108.71平米 | 南 北 | 其他 | 中楼层(共7层) | 2004年 | 板楼,"68.8万6,329元/平"
民政旁，湘樟园，低楼层三房，诚心出售,湘樟园-韶山南路,3室2厅 | 99.77平米 | 南 北 | 精装 | 中楼层(共7层) | 2001年 | 板楼,"68万6,816元/平"
民政旁，湘樟园，低楼层三房，诚心出售,湘樟园-韶山南路,3室2厅 | 99.77平米 | 南 北 | 精装 | 中楼层(共7层) | 2001年 | 板楼,"68万6,816元/平"
地段好人流多，交通便利，装修好，户型正,湘樟园-韶山南路,2室2厅 | 81.99平米 | 南 | 其他 | 高楼层(共7层) | 2004年 | 板楼,"40万4,879元/平"
地段好人流多，交通便利，装修好，户型正,湘樟园-韶山南路,2室2厅 | 81.99平米 | 南 | 其他 | 高楼层(共7层) | 2004年 | 板楼,"40万4,879元/平"
一楼架空，户型周正，证件齐全，价格实惠，诚心出售,湘樟园-韶山南路,2室2厅 | 91.37平米 | 南 北 | 简装 | 低楼层(共8层) | 2004年 | 板楼,"63.8万6,983元/平"
一楼架空，户型周正，证件齐全，价格实惠，诚心出售,湘樟园-韶山南路,2室2厅 | 91.37平米 | 南 北 | 简装 | 低楼层(共8层) | 2004年 | 板楼,"63.8万6,983元/平"
精装修大3室，采光，户型通透，房东诚心出售,湘樟园-韶山南路,3室2厅 | 100.62平米 | 南 北 | 精装 | 中楼层(共7层) | 2004年 | 板楼,"58万5,765元/平"
精装修大3室，采光，户型通透，房东诚心出售,湘樟园-韶山南路,3室2厅 | 100.62平米 | 南 北 | 精装 | 中楼层(共7层) | 2004年 | 板楼,"58万5,765元/平"
香樟路旁精装修大3室，户型好，房东诚心出售,湘樟园-韶山南路,3室2厅 | 114.27平米 | 南 北 | 简装 | 低楼层(共7层) | 2001年 | 板楼,"70万6,126元/平"
香樟路旁精装修大3室，户型好，房东诚心出售,湘樟园-韶山南路,3室2厅 | 114.27平米 | 南 北 | 简装 | 低楼层(共7层) | 2001年 | 板楼,"70万6,126元/平"
步梯好楼层，香樟路优质三房，南北通透,湘樟园-韶山南路,3室2厅 | 100.62平米 | 南 北 | 简装 | 低楼层(共7层) | 2004年 | 板楼,"61.8万6,142元/平"
步梯好楼层，香樟路优质三房，南北通透,湘樟园-韶山南路,3室2厅 | 100.62平米 | 南 北 | 简装 | 低楼层(共7层) | 2004年 | 板楼,"61.8万6,142元/平"
精装修3室，带15平方杂物间一起，楼层杠杠的,湘樟园-韶山南路,3室1厅 | 102.75平米 | 南 北 | 精装 | 低楼层(共7层) | 2004年 | 塔楼,"68万6,619元/平"
精装修3室，带15平方杂物间一起，楼层杠杠的,湘樟园-韶山南路,3室1厅 | 102.75平米 | 南 北 | 精装 | 低楼层(共7层) | 2004年 | 塔楼,"68万6,619元/平"
民政旁交通便利，正规三房户型自住装修，业主诚心出售,湘樟园-韶山南路,3室2厅 | 115.96平米 | 南 北 | 精装 | 高楼层(共7层) | 2004年 | 板楼,"66万5,692元/平"
民政旁交通便利，正规三房户型自住装修，业主诚心出售,湘樟园-韶山南路,3室2厅 | 115.96平米 | 南 北 | 精装 | 高楼层(共7层) | 2004年 | 板楼,"66万5,692元/平"
急售！六沟垅地铁口、2楼大三房、得房高、楼层视野好,岳银5村-银盆岭,3室2厅 | 97.24平米 | 南 | 简装 | 6层  | 板楼,"81.5万8,382元/平"
急售！六沟垅地铁口、2楼大三房、得房高、楼层视野好,岳银5村-银盆岭,3室2厅 | 97.24平米 | 南 | 简装 | 6层  | 板楼,"81.5万8,382元/平"
：视野开阔，复式均价比较便宜，业主诚心出售,金鹰机电5区-万家丽北,5室2厅 | 162.88平米 | 南 | 其他 | 高楼层(共5层)  | 暂无数据,"81万4,973元/平"
：视野开阔，复式均价比较便宜，业主诚心出售,金鹰机电5区-万家丽北,5室2厅 | 162.88平米 | 南 | 其他 | 高楼层(共5层)  | 暂无数据,"81万4,973元/平"
金鹰机电5区 2室1厅 南,金鹰机电5区-万家丽北,2室1厅 | 51.85平米 | 南 | 其他 | 中楼层(共5层)  | 暂无数据,"28.8万5,555元/平"
金鹰机电5区 2室1厅 南,金鹰机电5区-万家丽北,2室1厅 | 51.85平米 | 南 | 其他 | 中楼层(共5层)  | 暂无数据,"28.8万5,555元/平"
*大使用面积 5房 可观小区园林全景5号地铁口适合居家,悦湖山-广电,5室2厅 | 115.13平米 | 南 | 毛坯 | 中楼层(共32层) | 2013年 | 板塔结合,"110万9,555元/平"
*大使用面积 5房 可观小区园林全景5号地铁口适合居家,悦湖山-广电,5室2厅 | 115.13平米 | 南 | 毛坯 | 中楼层(共32层) | 2013年 | 板塔结合,"110万9,555元/平"
北辰E5毛坯，带车位，中间楼层,北辰三角洲奥城E5区-北辰三角洲,2室2厅 | 94.8平米 | 南 | 毛坯 | 中楼层(共38层) | 2013年 | 板塔结合,"148万15,612元/平"
北辰E5毛坯，带车位，中间楼层,北辰三角洲奥城E5区-北辰三角洲,2室2厅 | 94.8平米 | 南 | 毛坯 | 中楼层(共38层) | 2013年 | 板塔结合,"148万15,612元/平"
地铁口 2 5 6号线 地铁5号线高桥北站约600米。,碧桂园城市之光-尚东,1室1厅 | 33.42平米 | 南 | 精装 | 低楼层(共45层)  | 塔楼,"27万8,079元/平"
地铁口 2 5 6号线 地铁5号线高桥北站约600米。,碧桂园城市之光-尚东,1室1厅 | 33.42平米 | 南 | 精装 | 低楼层(共45层)  | 塔楼,"27万8,079元/平"
江山帝景哈佛5期 大5房 读书便利 环境优美 随心装修,江山帝景哈佛-含浦,5室2厅 | 197.9平米 | 南 | 毛坯 | 高楼层(共32层)  | 暂无数据,"214万10,814元/平"
江山帝景哈佛5期 大5房 读书便利 环境优美 随心装修,江山帝景哈佛-含浦,5室2厅 | 197.9平米 | 南 | 毛坯 | 高楼层(共32层)  | 暂无数据,"214万10,814元/平"
5期次新房毛坯5房 高楼层 视野采光很好 高得房,富基世纪公园-金星北,4室2厅 | 132.53平米 | 南 北 | 毛坯 | 高楼层(共32层) | 2015年 | 板塔结合,"76万5,735元/平"
5期次新房毛坯5房 高楼层 视野采光很好 高得房,富基世纪公园-金星北,4室2厅 | 132.53平米 | 南 北 | 毛坯 | 高楼层(共32层) | 2015年 | 板塔结合,"76万5,735元/平"
和美星城 5室2厅 南,和美星城-暮云,5室2厅 | 181平米 | 南 | 精装 | 高楼层(共18层)  | 板楼,"190万10,498元/平"
和美星城 5室2厅 南,和美星城-暮云,5室2厅 | 181平米 | 南 | 精装 | 高楼层(共18层)  | 板楼,"190万10,498元/平"
北辰三角洲奥城E5区 1室1厅 南,北辰三角洲奥城E5区-北辰三角洲,1室1厅 | 58.36平米 | 南 | 其他 | 低楼层(共38层) | 2013年 | 板塔结合,"75万12,852元/平"
北辰三角洲奥城E5区 1室1厅 南,北辰三角洲奥城E5区-北辰三角洲,1室1厅 | 58.36平米 | 南 | 其他 | 低楼层(共38层) | 2013年 | 板塔结合,"75万12,852元/平"
E5区精装两房，公摊小户型好，诚心出售,北辰三角洲奥城E5区-北辰三角洲,2室1厅 | 93.79平米 | 南 北 | 精装 | 低楼层(共31层) | 2013年 | 板塔结合,"138.8万14,800元/平"
E5区精装两房，公摊小户型好，诚心出售,北辰三角洲奥城E5区-北辰三角洲,2室1厅 | 93.79平米 | 南 北 | 精装 | 低楼层(共31层) | 2013年 | 板塔结合,"138.8万14,800元/平"
北辰三角洲奥城E5区 3室1厅 南,北辰三角洲奥城E5区-北辰三角洲,3室1厅 | 94平米 | 南 | 精装 | 低楼层(共38层) | 2013年 | 板塔结合,"178万18,937元/平"
北辰三角洲奥城E5区 3室1厅 南,北辰三角洲奥城E5区-北辰三角洲,3室1厅 | 94平米 | 南 | 精装 | 低楼层(共38层) | 2013年 | 板塔结合,"178万18,937元/平"
书香名邸 5室2厅 东南,书香名邸-左家塘,5室2厅 | 228.32平米 | 东南 | 精装 | 高楼层(共12层) | 2006年 | 板塔结合,"198万8,673元/平"
书香名邸 5室2厅 东南,书香名邸-左家塘,5室2厅 | 228.32平米 | 东南 | 精装 | 高楼层(共12层) | 2006年 | 板塔结合,"198万8,673元/平"
华润凯旋门 5室2厅 南,华润凯旋门-洋湖垸,5室2厅 | 179.86平米 | 南 | 其他 | 低楼层(共23层)  | 暂无数据,"398万22,129元/平"
华润凯旋门 5室2厅 南,华润凯旋门-洋湖垸,5室2厅 | 179.86平米 | 南 | 其他 | 低楼层(共23层)  | 暂无数据,"398万22,129元/平"
锦源小区 5室1厅 南,锦源小区-树木岭,5室1厅 | 145.72平米 | 南 | 其他 | 高楼层(共6层) | 2000年 | 板楼,"90万6,177元/平"
锦源小区 5室1厅 南,锦源小区-树木岭,5室1厅 | 145.72平米 | 南 | 其他 | 高楼层(共6层) | 2000年 | 板楼,"90万6,177元/平"
美的梧桐庄园 5室2厅 南,美的梧桐庄园-省政府,5室2厅 | 205.36平米 | 南 | 其他 | 低楼层(共14层)  | 板楼,"300万14,609元/平"
美的梧桐庄园 5室2厅 南,美的梧桐庄园-省政府,5室2厅 | 205.36平米 | 南 | 其他 | 低楼层(共14层)  | 板楼,"300万14,609元/平"
水墨林溪 5室2厅 南,水墨林溪-新开铺,5室2厅 | 194.48平米 | 南 | 其他 | 低楼层(共26层)  | 板塔结合,"202万10,387元/平"
水墨林溪 5室2厅 南,水墨林溪-新开铺,5室2厅 | 194.48平米 | 南 | 其他 | 低楼层(共26层)  | 板塔结合,"202万10,387元/平"
北辰三角洲奥城E5区 3室2厅 西南 北,北辰三角洲奥城E5区-北辰三角洲,3室2厅 | 73.09平米 | 西南 北 | 其他 | 中楼层(共38层) | 2013年 | 板塔结合,"125万17,103元/平"
北辰三角洲奥城E5区 3室2厅 西南 北,北辰三角洲奥城E5区-北辰三角洲,3室2厅 | 73.09平米 | 西南 北 | 其他 | 中楼层(共38层) | 2013年 | 板塔结合,"125万17,103元/平"
华远华中心 5室2厅 南,华远华中心-五一广场,5室2厅 | 257.36平米 | 南 | 精装 | 低楼层(共55层) | 2014年 | 塔楼,"600万23,314元/平"
华远华中心 5室2厅 南,华远华中心-五一广场,5室2厅 | 257.36平米 | 南 | 精装 | 低楼层(共55层) | 2014年 | 塔楼,"600万23,314元/平"
顺天城 5室2厅 南 北,顺天城-浏城桥,5室2厅 | 216.78平米 | 南 北 | 其他 | 低楼层(共28层)  | 板塔结合,"195万8,996元/平"
顺天城 5室2厅 南 北,顺天城-浏城桥,5室2厅 | 216.78平米 | 南 北 | 其他 | 低楼层(共28层)  | 板塔结合,"195万8,996元/平"
金湘苑 5室2厅 南,金湘苑-金星北,5室2厅 | 252.97平米 | 南 | 其他 | 中楼层(共17层)  | 板楼,"188万7,432元/平"
金湘苑 5室2厅 南,金湘苑-金星北,5室2厅 | 252.97平米 | 南 | 其他 | 中楼层(共17层)  | 板楼,"188万7,432元/平"
山水嘉园 5室2厅 南 北,山水嘉园-省政府,5室2厅 | 179.36平米 | 南 北 | 毛坯 | 低楼层(共17层)  | 板塔结合,"134万7,472元/平"
山水嘉园 5室2厅 南 北,山水嘉园-省政府,5室2厅 | 179.36平米 | 南 北 | 毛坯 | 低楼层(共17层)  | 板塔结合,"134万7,472元/平"
润和紫郡 5室2厅 东南,润和紫郡-金星北,5室2厅 | 140.58平米 | 东南 | 精装 | 低楼层(共33层) | 2014年 | 塔楼,"145万10,315元/平"
润和紫郡 5室2厅 东南,润和紫郡-金星北,5室2厅 | 140.58平米 | 东南 | 精装 | 低楼层(共33层) | 2014年 | 塔楼,"145万10,315元/平"
景秀江山 5室2厅 南,景秀江山-银盆岭,5室2厅 | 227平米 | 南 | 其他 | 13层 | 2011年 | 板塔结合,"310万13,657元/平"
景秀江山 5室2厅 南,景秀江山-银盆岭,5室2厅 | 227平米 | 南 | 其他 | 13层 | 2011年 | 板塔结合,"310万13,657元/平"
嘉华城 5室2厅 南,嘉华城-德思勤,5室2厅 | 273.72平米 | 南 | 毛坯 | 低楼层(共12层) | 2012年 | 板塔结合,"320万11,691元/平"
嘉华城 5室2厅 南,嘉华城-德思勤,5室2厅 | 273.72平米 | 南 | 毛坯 | 低楼层(共12层) | 2012年 | 板塔结合,"320万11,691元/平"
北辰E5区居家精装三房，满五唯一，视野宽阔采光好,北辰三角洲奥城E5区-北辰三角洲,3室2厅 | 94.55平米 | 南 | 精装 | 中楼层(共38层) | 2013年 | 板塔结合,"135万14,279元/平"
北辰E5区居家精装三房，满五唯一，视野宽阔采光好,北辰三角洲奥城E5区-北辰三角洲,3室2厅 | 94.55平米 | 南 | 精装 | 中楼层(共38层) | 2013年 | 板塔结合,"135万14,279元/平"
大为时代大5房，业主诚心出售。,大为时代家园-万家丽南路,5室2厅 | 164.17平米 | 东 | 其他 | 低楼层(共18层)  | 板楼,"120万7,310元/平"
大为时代大5房，业主诚心出售。,大为时代家园-万家丽南路,5室2厅 | 164.17平米 | 东 | 其他 | 低楼层(共18层)  | 板楼,"120万7,310元/平"
湖山赋 5室3厅 南,湖山赋-金霞,5室3厅 | 203.01平米 | 南 | 其他 | 低楼层(共3层)  | 暂无数据,"488万24,039元/平"
湖山赋 5室3厅 南,湖山赋-金霞,5室3厅 | 203.01平米 | 南 | 其他 | 低楼层(共3层)  | 暂无数据,"488万24,039元/平"
金地园 5室2厅 南,金地园-四方坪,5室2厅 | 90.08平米 | 南 | 其他 | 高楼层(共6层)  | 塔楼,"75万8,326元/平"
金地园 5室2厅 南,金地园-四方坪,5室2厅 | 90.08平米 | 南 | 其他 | 高楼层(共6层)  | 塔楼,"75万8,326元/平"
润和滨江广场 5室1厅 南,润和滨江广场-望城区,5室1厅 | 146.49平米 | 南 | 精装 | 高楼层(共24层) | 2021年 | 板塔结合,"160万10,923元/平"
润和滨江广场 5室1厅 南,润和滨江广场-望城区,5室1厅 | 146.49平米 | 南 | 精装 | 高楼层(共24层) | 2021年 | 板塔结合,"160万10,923元/平"
